,Source,Dataset,Split,R2,Model,lassoCV_R2
0,cellular,AMIE_PSEAE_Whitehead,pooled,0.405258260159101,esm2_650m,0.47752435683224653
1,cellular,AMIE_PSEAE_Whitehead,pooled,0.405258260159101,esm2_viral_full,0.40245147881630644
4,cellular,B3VI55_LIPSTSTABLE,pooled,0.2540944248500056,esm2_650m,0.4515304817365233
5,cellular,B3VI55_LIPSTSTABLE,pooled,0.2540944248500056,esm2_viral_full,0.34455065455949657
8,cellular,B3VI55_LIPST_Whitehead2015,pooled,0.16233250036501856,esm2_650m,0.24516224931947375
9,cellular,B3VI55_LIPST_Whitehead2015,pooled,0.16233250036501856,esm2_viral_full,0.15476175503286085
12,cellular,BG_STRSQ_hmmerbit,pooled,0.10200042679942163,esm2_650m,0.4120220062083069
13,cellular,BG_STRSQ_hmmerbit,pooled,0.10200042679942163,esm2_viral_full,0.25861027301815326
16,cellular,BLAT_ECOLX_Ostermeier2014,pooled,0.45509491815450404,esm2_650m,0.6532535728674271
17,cellular,BLAT_ECOLX_Ostermeier2014,pooled,0.45509491815450404,esm2_viral_full,0.435054865388183
20,cellular,BLAT_ECOLX_Palzkill2012,pooled,0.4300071560175332,esm2_650m,0.5728535970764597
21,cellular,BLAT_ECOLX_Palzkill2012,pooled,0.4300071560175332,esm2_viral_full,0.40394281078157784
24,cellular,BLAT_ECOLX_Ranganathan2015,pooled,0.5840551894619822,esm2_650m,0.7156024072872511
25,cellular,BLAT_ECOLX_Ranganathan2015,pooled,0.5840551894619822,esm2_viral_full,0.5093344464201989
28,cellular,BLAT_ECOLX_Tenaillon2013,pooled,0.24748628903256564,esm2_650m,0.5009768677862676
29,cellular,BLAT_ECOLX_Tenaillon2013,pooled,0.24748628903256564,esm2_viral_full,0.17219669480295227
32,cellular,BRCA1_HUMAN_BRCT,pooled,0.25521533353944376,esm2_650m,0.4731618253748718
33,cellular,BRCA1_HUMAN_BRCT,pooled,0.25521533353944376,esm2_viral_full,0.3161034979003004
36,cellular,BRCA1_HUMAN_RING,pooled,0.3477881895179966,esm2_650m,0.5006616594825504
37,cellular,BRCA1_HUMAN_RING,pooled,0.3477881895179966,esm2_viral_full,0.41667625962276605
40,cellular,CALM1_HUMAN_Roth2017,pooled,-0.0474662672516253,esm2_650m,0.04745738397515817
41,cellular,CALM1_HUMAN_Roth2017,pooled,-0.0474662672516253,esm2_viral_full,0.03569471321853657
44,cellular,DLG4_RAT_Ranganathan2012,pooled,0.47382336455018076,esm2_650m,0.610942169363602
45,cellular,DLG4_RAT_Ranganathan2012,pooled,0.47382336455018076,esm2_viral_full,0.538773982735872
48,cellular,GAL4_YEAST_Shendure2015,pooled,0.3918699809985445,esm2_650m,0.4509716083986211
49,cellular,GAL4_YEAST_Shendure2015,pooled,0.3918699809985445,esm2_viral_full,0.2878125234158044
52,cellular,HSP82_YEAST_Bolon2016,pooled,0.5755143270796355,esm2_650m,0.6982798805860577
53,cellular,HSP82_YEAST_Bolon2016,pooled,0.5755143270796355,esm2_viral_full,0.5439629590640105
56,cellular,IF1_ECOLI,pooled,0.35418805338641884,esm2_650m,0.5730117079258826
57,cellular,IF1_ECOLI,pooled,0.35418805338641884,esm2_viral_full,0.4493105317401209
60,cellular,KKA2_KLEPN_Mikkelsen2014,pooled,0.4526502634427947,esm2_650m,0.48736394177918746
61,cellular,KKA2_KLEPN_Mikkelsen2014,pooled,0.4526502634427947,esm2_viral_full,0.32630438567705683
64,cellular,MK01_HUMAN_Johannessen,pooled,0.1328181681521322,esm2_650m,0.17728853685434842
65,cellular,MK01_HUMAN_Johannessen,pooled,0.1328181681521322,esm2_viral_full,0.15549112561069475
68,cellular,MTH3_HAEAESTABILIZED_Tawfik2015,pooled,0.36578898613116584,esm2_650m,0.4214892555008091
69,cellular,MTH3_HAEAESTABILIZED_Tawfik2015,pooled,0.36578898613116584,esm2_viral_full,0.22635808550055359
72,cellular,PABP_YEAST_Fields2013_singles,pooled,0.4705366375474594,esm2_650m,0.6499105605967189
73,cellular,PABP_YEAST_Fields2013_singles,pooled,0.4705366375474594,esm2_viral_full,0.5018039390744903
76,cellular,PTEN_HUMAN_Fowler2018,pooled,0.40444642223171945,esm2_650m,0.5317926418017046
77,cellular,PTEN_HUMAN_Fowler2018,pooled,0.40444642223171945,esm2_viral_full,0.4272899330731614
80,cellular,RASH_HUMAN_Kuriyan,pooled,0.5090670105673926,esm2_650m,0.6499068360999034
81,cellular,RASH_HUMAN_Kuriyan,pooled,0.5090670105673926,esm2_viral_full,0.5727868185162618
84,cellular,RL401_YEAST_Bolon2013,pooled,0.4115967297256847,esm2_650m,0.6289636537197739
85,cellular,RL401_YEAST_Bolon2013,pooled,0.4115967297256847,esm2_viral_full,0.5689043437001461
88,cellular,RL401_YEAST_Bolon2014,pooled,0.4338192278485094,esm2_650m,0.6694654859096412
89,cellular,RL401_YEAST_Bolon2014,pooled,0.4338192278485094,esm2_viral_full,0.5681142909412119
92,cellular,RL401_YEAST_Fraser2016,pooled,0.43185756976865375,esm2_650m,0.5310045771835826
93,cellular,RL401_YEAST_Fraser2016,pooled,0.43185756976865375,esm2_viral_full,0.48944507312191154
96,cellular,SUMO1_HUMAN_Roth2017,pooled,0.2518873823956261,esm2_650m,0.38935492133743216
97,cellular,SUMO1_HUMAN_Roth2017,pooled,0.2518873823956261,esm2_viral_full,0.28976311128933724
100,cellular,TIM_SULSO,pooled,0.3968125834932185,esm2_650m,0.6170009106573047
101,cellular,TIM_SULSO,pooled,0.3968125834932185,esm2_viral_full,0.35319372216435135
104,cellular,TIM_THEMA,pooled,0.3867196081779592,esm2_650m,0.5288124321958508
105,cellular,TIM_THEMA,pooled,0.3867196081779592,esm2_viral_full,0.3650539999938358
108,cellular,TIM_THETH,pooled,0.4830594416104963,esm2_650m,0.6892531797292443
109,cellular,TIM_THETH,pooled,0.4830594416104963,esm2_viral_full,0.41076709761411
112,cellular,TPK1_HUMAN_Roth2017,pooled,-0.028948600990812732,esm2_650m,0.15356402873571826
113,cellular,TPK1_HUMAN_Roth2017,pooled,-0.028948600990812732,esm2_viral_full,0.0578676579506253
116,cellular,TPMT_HUMAN_Fowler2018,pooled,0.2294634520245217,esm2_650m,0.43482554423936054
117,cellular,TPMT_HUMAN_Fowler2018,pooled,0.2294634520245217,esm2_viral_full,0.3697846142326071
120,cellular,UBC9_HUMAN_Roth2017,pooled,0.32916196725813146,esm2_650m,0.4229876186741917
121,cellular,UBC9_HUMAN_Roth2017,pooled,0.32916196725813146,esm2_viral_full,0.2845991479162532
124,cellular,UBE4B_MOUSE_Klevit2013_singles,pooled,0.11562532904018828,esm2_650m,0.2656046858079781
125,cellular,UBE4B_MOUSE_Klevit2013_singles,pooled,0.11562532904018828,esm2_viral_full,0.12059668597666186
128,cellular,YAP1_HUMAN_Fields2012_singles,pooled,0.357714939458452,esm2_650m,0.4591907315584774
129,cellular,YAP1_HUMAN_Fields2012_singles,pooled,0.357714939458452,esm2_viral_full,0.3802400005628585
132,viral,BPP22_COAT_Tsuboyama,pooled,0.5514156387331723,esm2_650m,0.8138308064219402
133,viral,BPP22_COAT_Tsuboyama,pooled,0.5514156387331723,esm2_viral_full,0.7691976353181369
136,viral,CVB3_2A_Alvarez,pooled,0.5437504746487545,esm2_650m,0.5853387697091637
137,viral,CVB3_2A_Alvarez,pooled,0.5437504746487545,esm2_viral_full,0.6372082625098701
140,viral,CVB3_2B_Alvarez,pooled,0.2594361556055724,esm2_650m,0.4520572655991764
141,viral,CVB3_2B_Alvarez,pooled,0.2594361556055724,esm2_viral_full,0.5577839874016027
144,viral,CVB3_2C_Alvarez,pooled,0.2501809114886469,esm2_650m,0.4645627784475362
145,viral,CVB3_2C_Alvarez,pooled,0.2501809114886469,esm2_viral_full,0.46033263641864375
148,viral,CVB3_3A_Alvarez,pooled,0.2786165716068542,esm2_650m,0.4883738768239154
149,viral,CVB3_3A_Alvarez,pooled,0.2786165716068542,esm2_viral_full,0.5323679230773123
152,viral,CVB3_3B_Alvarez,pooled,0.5013960744103936,esm2_650m,0.5841193932805049
153,viral,CVB3_3B_Alvarez,pooled,0.5013960744103936,esm2_viral_full,0.5788586469491218
156,viral,CVB3_3C_Alvarez,pooled,0.3277296209725238,esm2_650m,0.47334690062564055
157,viral,CVB3_3C_Alvarez,pooled,0.3277296209725238,esm2_viral_full,0.5363971849276035
160,viral,CVB3_3D_Alvarez,pooled,0.2811274039537483,esm2_650m,0.42111936976219005
161,viral,CVB3_3D_Alvarez,pooled,0.2811274039537483,esm2_viral_full,0.5025405930485755
164,viral,CVB3_POLG_Mattenberger,pooled,0.48793306052886704,esm2_650m,0.303075367247381
165,viral,CVB3_POLG_Mattenberger,pooled,0.48793306052886704,esm2_viral_full,0.35326207718614994
168,viral,CVB3_VP1_Alvarez,pooled,0.2711849377954214,esm2_650m,0.35756650993486394
169,viral,CVB3_VP1_Alvarez,pooled,0.2711849377954214,esm2_viral_full,0.42051308290042444
172,viral,CVB3_VP3_Alvarez,pooled,0.14723986516299653,esm2_650m,0.2798191110194284
173,viral,CVB3_VP3_Alvarez,pooled,0.14723986516299653,esm2_viral_full,0.38901969969640754
176,viral,DENV_POLG_Suphatrakul,pooled,0.5517422883064163,esm2_650m,0.3511264249566522
177,viral,DENV_POLG_Suphatrakul,pooled,0.5517422883064163,esm2_viral_full,0.43357273063320495
180,viral,EV_CAPSD_Bakhache,pooled,0.23140438994154,esm2_650m,0.18392707844610823
181,viral,EV_CAPSD_Bakhache,pooled,0.23140438994154,esm2_viral_full,0.20708062259367707
184,viral,EV_REP_Bakhache,pooled,0.3236901246004185,esm2_650m,0.2647529286223275
185,viral,EV_REP_Bakhache,pooled,0.3236901246004185,esm2_viral_full,0.2527216530752117
188,viral,HIV1_BF520_ENV_Haddox,pooled,0.6460453538598504,esm2_650m,0.4116451462851522
189,viral,HIV1_BF520_ENV_Haddox,pooled,0.6460453538598504,esm2_viral_full,0.47936740917766657
192,viral,HIV1_BG505_ENV_Haddox,pooled,0.6159435158979398,esm2_650m,0.42095932935906216
193,viral,HIV1_BG505_ENV_Haddox,pooled,0.6159435158979398,esm2_viral_full,0.5143095077701169
196,viral,HIV1_HV1B9_ENV_DuenasDecamp,pooled,0.21869697394667206,esm2_650m,0.267539592923
197,viral,HIV1_HV1B9_ENV_DuenasDecamp,pooled,0.21869697394667206,esm2_viral_full,0.26796524634394975
200,viral,IAV_H1_HA_Doud,pooled,0.5493610307680372,esm2_650m,0.47272097629762766
201,viral,IAV_H1_HA_Doud,pooled,0.5493610307680372,esm2_viral_full,0.4835384311373898
204,viral,IAV_H1_HA_Wu,pooled,-0.23053993153734595,esm2_650m,0.034240242350323837
205,viral,IAV_H1_HA_Wu,pooled,-0.23053993153734595,esm2_viral_full,0.03207787591986313
208,viral,IAV_H1_NP_Doud,pooled,0.29427574565432035,esm2_650m,0.21782713731454725
209,viral,IAV_H1_NP_Doud,pooled,0.29427574565432035,esm2_viral_full,0.2759764001460827
212,viral,IAV_H3_HA_Lee,pooled,0.5716000754921993,esm2_650m,0.4294309068284588
213,viral,IAV_H3_HA_Lee,pooled,0.5716000754921993,esm2_viral_full,0.48179329168729756
216,viral,IAV_H3_NP_Doud,pooled,0.4656764337269624,esm2_650m,0.31113731102145364
217,viral,IAV_H3_NP_Doud,pooled,0.4656764337269624,esm2_viral_full,0.3430396472534232
220,viral,IAV_H5_HA_Dadonaite,pooled,0.48268188373836235,esm2_650m,0.43931003186549306
221,viral,IAV_H5_HA_Dadonaite,pooled,0.48268188373836235,esm2_viral_full,0.47746884073978024
224,viral,IAV_NA_Jiang,pooled,0.46671333782741287,esm2_650m,0.43385937261167884
225,viral,IAV_NA_Jiang,pooled,0.46671333782741287,esm2_viral_full,0.38366729738434385
228,viral,IAV_PA_Wu,pooled,-0.36679217150053584,esm2_650m,0.027403086449115033
229,viral,IAV_PA_Wu,pooled,-0.36679217150053584,esm2_viral_full,0.04864478172152653
232,viral,IAV_PB2_Soh,pooled,0.45992055144536953,esm2_650m,0.24921649845682523
233,viral,IAV_PB2_Soh,pooled,0.45992055144536953,esm2_viral_full,0.3006915895862005
236,viral,IAV_RDRP_Li,pooled,0.2736260483129728,esm2_650m,0.25062114193679047
237,viral,IAV_RDRP_Li,pooled,0.2736260483129728,esm2_viral_full,0.3056563660131208
240,viral,LAMBDA_HCP_Tsuboyama,pooled,0.6530601009571293,esm2_650m,0.8383600520775419
241,viral,LAMBDA_HCP_Tsuboyama,pooled,0.6530601009571293,esm2_viral_full,0.7880488563832806
244,viral,LASSA_GP_Carr,pooled,0.410884334798533,esm2_650m,0.3714867282327352
245,viral,LASSA_GP_Carr,pooled,0.410884334798533,esm2_viral_full,0.3905381393253806
248,viral,NIPAH_F_Larsen,pooled,0.5078261614211074,esm2_650m,0.4582598841273143
249,viral,NIPAH_F_Larsen,pooled,0.5078261614211074,esm2_viral_full,0.4441278780035845
252,viral,RmYN02_RBD_Starr,pooled,0.24904025910188024,esm2_650m,0.15052433622460581
253,viral,RmYN02_RBD_Starr,pooled,0.24904025910188024,esm2_viral_full,0.19679778378035304
256,viral,RsYN04_RBD_Starr,pooled,0.5027664290977653,esm2_650m,0.24917601935751707
257,viral,RsYN04_RBD_Starr,pooled,0.5027664290977653,esm2_viral_full,0.27721962680787754
260,viral,SARS2_BA1_SPIKE_Dadonaite,pooled,0.23083454288586794,esm2_650m,0.2616966621594536
261,viral,SARS2_BA1_SPIKE_Dadonaite,pooled,0.23083454288586794,esm2_viral_full,0.351961825160472
264,viral,SARS2_DELTA_SPIKE_Dadonaite,pooled,-0.23176102990050265,esm2_650m,0.0109749672417017
265,viral,SARS2_DELTA_SPIKE_Dadonaite,pooled,-0.23176102990050265,esm2_viral_full,0.0534467446077282
268,viral,SARS2_MRPO_Flynn,pooled,0.6645724825047467,esm2_650m,0.45395291927473663
269,viral,SARS2_MRPO_Flynn,pooled,0.6645724825047467,esm2_viral_full,0.5289173272257677
272,viral,SARS2_PLPRO_abundance_Wu,pooled,0.43989168704435605,esm2_650m,0.36304580723994384
273,viral,SARS2_PLPRO_abundance_Wu,pooled,0.43989168704435605,esm2_viral_full,0.3479356866936317
276,viral,SARS2_PLPRO_activity_Wu,pooled,0.6070928041595779,esm2_650m,0.4703767392358212
277,viral,SARS2_PLPRO_activity_Wu,pooled,0.6070928041595779,esm2_viral_full,0.5063790767789352
280,viral,SARS2_PRD0038_RBD_Starr,pooled,0.5914296864543611,esm2_650m,0.47618343527994145
281,viral,SARS2_PRD0038_RBD_Starr,pooled,0.5914296864543611,esm2_viral_full,0.658857021477574
284,viral,SARS2_RBD_binding_Starr,pooled,0.6135464713458002,esm2_650m,0.524775729917225
285,viral,SARS2_RBD_binding_Starr,pooled,0.6135464713458002,esm2_viral_full,0.5967714998556333
288,viral,SARS2_RBD_expression_Starr,pooled,0.6950232014663101,esm2_650m,0.5717807232417865
289,viral,SARS2_RBD_expression_Starr,pooled,0.6950232014663101,esm2_viral_full,0.6295899903395445
292,viral,SARS2_XBB15_RBD_Taylor,pooled,0.629745931652599,esm2_650m,0.4889318318901617
293,viral,SARS2_XBB15_RBD_Taylor,pooled,0.629745931652599,esm2_viral_full,0.6710390980919788
