,Dataset,Source,Split,R2_AVG,R2_ESM2_650M
0,AMIE_PSEAE_Whitehead,cellular,pool_split,0.405258260159101,0.48618777776787975
1,B3VI55_LIPSTSTABLE,cellular,pool_split,0.2540944248500056,0.4685314880883832
2,B3VI55_LIPST_Whitehead2015,cellular,pool_split,0.16233250036501856,0.25670130307350386
3,BG_STRSQ_hmmerbit,cellular,pool_split,0.10200042679942163,0.42751039061207574
4,BLAT_ECOLX_Ostermeier2014,cellular,pool_split,0.45509491815450404,0.6661545372419098
5,BLAT_ECOLX_Palzkill2012,cellular,pool_split,0.4300071560175332,0.560036684808655
6,BLAT_ECOLX_Ranganathan2015,cellular,pool_split,0.5840551894619822,0.7200242416948767
7,BLAT_ECOLX_Tenaillon2013,cellular,pool_split,0.24748628903256564,0.5037916865705231
8,BPP22_COAT_Tsuboyama,viral,pool_split,0.5514156387331723,0.8151992713597206
9,BRCA1_HUMAN_BRCT,cellular,pool_split,0.25521533353944376,0.4625931577558606
10,BRCA1_HUMAN_RING,cellular,pool_split,0.3477881895179966,0.5492209628247351
11,CALM1_HUMAN_Roth2017,cellular,pool_split,-0.0474662672516253,0.04568113459058816
12,CVB3_2A_Alvarez,viral,pool_split,0.5437504746487545,0.5839309110791823
13,CVB3_2B_Alvarez,viral,pool_split,0.2594361556055724,0.48727406879757124
14,CVB3_2C_Alvarez,viral,pool_split,0.2501809114886469,0.45615357431659687
15,CVB3_3A_Alvarez,viral,pool_split,0.2786165716068542,0.5333599067053045
16,CVB3_3B_Alvarez,viral,pool_split,0.5013960744103936,0.5416079406725729
17,CVB3_3C_Alvarez,viral,pool_split,0.3277296209725238,0.4932811538179654
18,CVB3_3D_Alvarez,viral,pool_split,0.2811274039537483,0.4322097971987051
19,CVB3_POLG_Mattenberger,viral,pool_split,0.48793306052886704,0.3063560486398753
20,CVB3_VP1_Alvarez,viral,pool_split,0.2711849377954214,0.352561646700302
21,CVB3_VP3_Alvarez,viral,pool_split,0.14723986516299653,0.27934488516038575
22,DENV_POLG_Suphatrakul,viral,pool_split,0.5517422883064163,0.3450676550803221
23,DLG4_RAT_Ranganathan2012,cellular,pool_split,0.47382336455018076,0.5805342517622303
24,EV_CAPSD_Bakhache,viral,pool_split,0.23140438994154,0.16652475563467345
25,EV_REP_Bakhache,viral,pool_split,0.3236901246004185,0.2571941216794743
26,GAL4_YEAST_Shendure2015,cellular,pool_split,0.3918699809985445,0.4447695750594618
27,HIV1_BF520_ENV_Haddox,viral,pool_split,0.6460453538598504,0.4166820737065621
28,HIV1_BG505_ENV_Haddox,viral,pool_split,0.6159435158979398,0.4199977259321317
29,HIV1_HV1B9_ENV_DuenasDecamp,viral,pool_split,0.21869697394667206,0.11305935622185204
30,HSP82_YEAST_Bolon2016,cellular,pool_split,0.5755143270796355,0.6825475926695596
31,IAV_H1_HA_Doud,viral,pool_split,0.5493610307680372,0.467974834508725
32,IAV_H1_HA_Wu,viral,pool_split,-0.23053993153734595,0.033531409372446364
33,IAV_H1_NP_Doud,viral,pool_split,0.29427574565432035,0.2151105634215403
34,IAV_H3_HA_Lee,viral,pool_split,0.5716000754921993,0.43110692462898764
35,IAV_H3_NP_Doud,viral,pool_split,0.4656764337269624,0.32243233550735606
36,IAV_H5_HA_Dadonaite,viral,pool_split,0.48268188373836235,0.4514140973031682
37,IAV_NA_Jiang,viral,pool_split,0.46671333782741287,0.4149874109546703
38,IAV_PA_Wu,viral,pool_split,-0.36679217150053584,0.02644054874585946
39,IAV_PB2_Soh,viral,pool_split,0.45992055144536953,0.2530761290469108
40,IAV_RDRP_Li,viral,pool_split,0.2736260483129728,0.24821353198114862
41,IF1_ECOLI,cellular,pool_split,0.35418805338641884,0.6242786491706649
42,KKA2_KLEPN_Mikkelsen2014,cellular,pool_split,0.4526502634427947,0.47810628881370576
43,LAMBDA_HCP_Tsuboyama,viral,pool_split,0.6530601009571293,0.8407948185636697
44,LASSA_GP_Carr,viral,pool_split,0.410884334798533,0.3683938926999416
45,MK01_HUMAN_Johannessen,cellular,pool_split,0.1328181681521322,0.1788196898488067
46,MTH3_HAEAESTABILIZED_Tawfik2015,cellular,pool_split,0.36578898613116584,0.3764129518466862
47,NIPAH_F_Larsen,viral,pool_split,0.5078261614211074,0.45132614100725144
48,PABP_YEAST_Fields2013_singles,cellular,pool_split,0.4705366375474594,0.6656198840311763
49,PTEN_HUMAN_Fowler2018,cellular,pool_split,0.40444642223171945,0.5117983649899391
50,RASH_HUMAN_Kuriyan,cellular,pool_split,0.5090670105673926,0.64659655075451
51,RL401_YEAST_Bolon2013,cellular,pool_split,0.4115967297256847,0.6284223097742357
52,RL401_YEAST_Bolon2014,cellular,pool_split,0.4338192278485094,0.6677377319549327
53,RL401_YEAST_Fraser2016,cellular,pool_split,0.43185756976865375,0.5113121921584195
54,RmYN02_RBD_Starr,viral,pool_split,0.24904025910188024,0.1664442372257749
55,RsYN04_RBD_Starr,viral,pool_split,0.5027664290977653,0.2866957371321284
56,SARS2_BA1_SPIKE_Dadonaite,viral,pool_split,0.23083454288586794,0.25295645306510306
57,SARS2_DELTA_SPIKE_Dadonaite,viral,pool_split,-0.23176102990050265,0.0250482656483672
58,SARS2_MRPO_Flynn,viral,pool_split,0.6645724825047467,0.4697359693778849
59,SARS2_PLPRO_abundance_Wu,viral,pool_split,0.43989168704435605,0.3626805371223457
60,SARS2_PLPRO_activity_Wu,viral,pool_split,0.6070928041595779,0.47694591277479204
61,SARS2_PRD0038_RBD_Starr,viral,pool_split,0.5914296864543611,0.4705595249959419
62,SARS2_RBD_binding_Starr,viral,pool_split,0.6135464713458002,0.5785447401116277
63,SARS2_RBD_expression_Starr,viral,pool_split,0.6950232014663101,0.5744326187651452
64,SARS2_XBB15_RBD_Taylor,viral,pool_split,0.629745931652599,-0.19676412258599213
65,SUMO1_HUMAN_Roth2017,cellular,pool_split,0.2518873823956261,0.4097192624401675
66,TIM_SULSO,cellular,pool_split,0.3968125834932185,0.5743655646222677
67,TIM_THEMA,cellular,pool_split,0.3867196081779592,0.5799652222389271
68,TIM_THETH,cellular,pool_split,0.4830594416104963,0.6582579213947206
69,TPK1_HUMAN_Roth2017,cellular,pool_split,-0.028948600990812732,0.12937352025652923
70,TPMT_HUMAN_Fowler2018,cellular,pool_split,0.2294634520245217,0.45801639943905653
71,UBC9_HUMAN_Roth2017,cellular,pool_split,0.32916196725813146,0.40343821311668854
72,UBE4B_MOUSE_Klevit2013_singles,cellular,pool_split,0.11562532904018828,0.24009335149466712
73,YAP1_HUMAN_Fields2012_singles,cellular,pool_split,0.357714939458452,0.45392373014952236
