,Model,Source,Dataset,Split,R2_score_train,MAE_score_train,RMSE_score_train,rho_score_train,R2_score_test,MAE_score_test,RMSE_score_test,rho_score_test,num_nonzero_coefs,RVSM,FHVS,coverage,prot_length
0,ESM-2 650M,cellular,AMIE_PSEAE_Whitehead,Pooled Split,0.5932740623967262,0.4737178409899446,0.6374220018355528,0.7949037860115663,0.48618777776787975,0.5251125552229015,0.7171397999881238,0.7380937706591915,444.8,0.6843693445943011,0.5043988269794721,0.9491329479768786,346
1,ESM-2 650M,cellular,AMIE_PSEAE_Whitehead,Site Split,0.3746950276573783,0.6043376351984621,0.7957778734250103,0.6470424753613392,0.23179307998689375,0.6479254541652871,0.8454610337555613,0.504309214559792,79.6,0.6843693445943011,0.5043988269794721,0.9491329479768786,346
2,ESM-2 650M,cellular,B3VI55_LIPSTSTABLE,Pooled Split,0.5560101229915929,0.5291181542987836,0.665333950211592,0.7645237860007108,0.4685314880883832,0.5798321040537607,0.7332037177700383,0.713379234275024,590.4,0.5960028353420278,0.6605922551252847,0.948633257403189,439
3,ESM-2 650M,cellular,B3VI55_LIPSTSTABLE,Site Split,0.3620781178046186,0.6434271547230213,0.7985412958005897,0.6429354946441904,0.24356820574019578,0.7003445798714449,0.8682676856183068,0.5450769527640895,89.6,0.5960028353420278,0.6605922551252847,0.948633257403189,439
4,ESM-2 650M,cellular,B3VI55_LIPST_Whitehead2015,Pooled Split,0.3608283941433751,0.607811814103876,0.800281673462505,0.5626544144043162,0.25670130307350386,0.6508746943214576,0.8579563197162269,0.47447876215942497,533.0,0.5139566239476339,0.7494305239179955,0.9187927107061503,439
5,ESM-2 650M,cellular,B3VI55_LIPST_Whitehead2015,Site Split,0.16928948810769473,0.6819386667162235,0.9148708380710945,0.42062011986051573,0.11621916760872197,0.6952513767997267,0.9238182065428964,0.37213641899671657,50.0,0.5139566239476339,0.7494305239179955,0.9187927107061503,439
6,ESM-2 650M,cellular,BG_STRSQ_hmmerbit,Pooled Split,0.609863466093925,0.46608544609846314,0.6235029034913103,0.7528564392508914,0.42751039061207574,0.5578886810264871,0.761146037986107,0.6570999778223574,357.2,0.6007825452247766,0.5269461077844312,0.34930139720558884,501
7,ESM-2 650M,cellular,BG_STRSQ_hmmerbit,Site Split,0.459963834381876,0.547508703076925,0.7352360772173233,0.6735659852228412,0.35254377821464966,0.6025064110378178,0.7979612224385797,0.5953305370369198,125.2,0.6007825452247766,0.5269461077844312,0.34930139720558884,501
8,ESM-2 650M,cellular,BLAT_ECOLX_Ostermeier2014,Pooled Split,0.7213920969983223,0.4150679999002366,0.5275523355208739,0.8625083536712699,0.6661545372419098,0.45359705143720125,0.5782427284070536,0.8342099984594913,414.2,0.7451304482871466,0.4125874125874126,0.955944055944056,286
9,ESM-2 650M,cellular,BLAT_ECOLX_Ostermeier2014,Site Split,0.5491861399831128,0.5440922618386299,0.6700254557463649,0.7659311834211185,0.4027523173111202,0.622115205489852,0.7672675551509748,0.6632246076061603,102.4,0.7451304482871466,0.4125874125874126,0.955944055944056,286
10,ESM-2 650M,cellular,BLAT_ECOLX_Palzkill2012,Pooled Split,0.6626517978444326,0.46688698189789174,0.5802369269826443,0.8255413876111914,0.560036684808655,0.5361285627744119,0.6652608369099753,0.7599616147638139,483.8,0.7034240524315979,0.5627376425855514,0.9194055944055944,286
11,ESM-2 650M,cellular,BLAT_ECOLX_Palzkill2012,Site Split,0.31351066295966007,0.6916302873709643,0.8277414928604513,0.5859462405510032,0.21177747341039027,0.7391832396742799,0.8842616939567225,0.5031306872791488,53.0,0.7034240524315979,0.5627376425855514,0.9194055944055944,286
12,ESM-2 650M,cellular,BLAT_ECOLX_Ranganathan2015,Pooled Split,0.7944355324764176,0.3578471868939072,0.4526664583067162,0.8888072124408927,0.7200242416948767,0.4177788205204395,0.5318801377020131,0.8507727621986085,522.8,0.7960362551307779,0.33079847908745247,0.8734265734265734,286
13,ESM-2 650M,cellular,BLAT_ECOLX_Ranganathan2015,Site Split,0.6285608118750522,0.49972816522806723,0.6092335169538373,0.8117013231338006,0.4415469991817343,0.5982331938772203,0.7391335964757741,0.6785313873481549,133.2,0.7960362551307779,0.33079847908745247,0.8734265734265734,286
14,ESM-2 650M,cellular,BLAT_ECOLX_Tenaillon2013,Pooled Split,0.7648363364902466,0.37318565843723617,0.48118443586421406,0.8032297165809374,0.5037916865705231,0.5452010820308117,0.710632857043817,0.6730207009414585,205.0,0.7895347203949082,0.33840304182509506,0.1729020979020979,286
15,ESM-2 650M,cellular,BLAT_ECOLX_Tenaillon2013,Site Split,0.6102467802045467,0.4838065405688391,0.6167291906662071,0.7249897895216023,0.4066344652551875,0.6145024829028058,0.7964583731352485,0.6321088151204463,93.0,0.7895347203949082,0.33840304182509506,0.1729020979020979,286
16,ESM-2 650M,cellular,BRCA1_HUMAN_BRCT,Pooled Split,0.6803534312524387,0.4203190445509112,0.5670489799152779,0.687319476857174,0.4625931577558606,0.5222256044393908,0.7168792719846323,0.5427894867552231,216.4,0.697763511387242,0.43555555555555553,0.04353193773483629,1863
17,ESM-2 650M,cellular,BRCA1_HUMAN_BRCT,Site Split,0.5068941544920984,0.5140088915827358,0.6940082903070243,0.5879779873898658,0.3590241996645106,0.6123737496683698,0.8139898926751592,0.5282729138717187,82.2,0.697763511387242,0.43555555555555553,0.04353193773483629,1863
18,ESM-2 650M,cellular,BRCA1_HUMAN_RING,Pooled Split,0.7041291925996109,0.39892015887544546,0.5418439245633301,0.7038099174420377,0.5492209628247351,0.4850666442327715,0.6762541109489815,0.6040039774896687,97.8,0.7198780852961953,0.37623762376237624,0.019753086419753086,1863
19,ESM-2 650M,cellular,BRCA1_HUMAN_RING,Site Split,0.6195969681049276,0.4482238010101741,0.6009670886367724,0.6508194328397889,0.31297442872391834,0.6057013993844387,0.8462650759215575,0.4869737300057876,55.6,0.7198780852961953,0.37623762376237624,0.019753086419753086,1863
20,ESM-2 650M,cellular,CALM1_HUMAN_Roth2017,Pooled Split,0.16780954368418902,0.7100816475532836,0.908062693520239,0.3976803022476162,0.04568113459058816,0.7762794270760289,0.9906911248533572,0.22220587642251477,82.4,0.36664679180332155,0.7919463087248322,0.6583892617449665,149
21,ESM-2 650M,cellular,CALM1_HUMAN_Roth2017,Site Split,0.11675617803041642,0.7398654252955335,0.9380937836694792,0.3376150400220185,0.01308799283788896,0.7747430208132008,0.9956511076746924,0.17499509563453663,53.4,0.36664679180332155,0.7919463087248322,0.6583892617449665,149
22,ESM-2 650M,cellular,DLG4_RAT_Ranganathan2012,Pooled Split,0.7689621224524071,0.33428159840273464,0.48170773681380086,0.7521398224080393,0.5805342517622303,0.42703030553691973,0.6374857178300202,0.6415931212781415,309.4,0.7305848401961206,0.3253012048192771,0.11457182320441989,724
23,ESM-2 650M,cellular,DLG4_RAT_Ranganathan2012,Site Split,0.2011066627192699,0.6138960525774917,0.8895168749997542,0.37710681681944924,0.033235238462418784,0.6363635164301008,0.9184260553699852,0.3050917744637739,25.2,0.7305848401961206,0.3253012048192771,0.11457182320441989,724
24,ESM-2 650M,cellular,GAL4_YEAST_Shendure2015,Pooled Split,0.59340920491288,0.5109987389793694,0.6371051952875437,0.7968308337248803,0.4447695750594618,0.5977207877379056,0.7423326248028824,0.706453298931786,131.2,0.7107807881698877,0.609375,0.06782065834279229,881
25,ESM-2 650M,cellular,GAL4_YEAST_Shendure2015,Site Split,0.5106614633555202,0.5678512348069822,0.699893117559742,0.7566469714482785,0.11193807769110613,0.7750833338784792,0.9264923342632532,0.45191333592836225,68.4,0.7107807881698877,0.609375,0.06782065834279229,881
26,ESM-2 650M,cellular,HSP82_YEAST_Bolon2016,Pooled Split,0.8079970460124409,0.29983149802115505,0.43892130376555755,0.6856973952805451,0.6825475926695596,0.3720632154686171,0.5571411325153435,0.6163739442248543,620.0,0.7979485796168005,0.2838427947598253,0.32038081805359664,709
27,ESM-2 650M,cellular,HSP82_YEAST_Bolon2016,Site Split,0.5718680709790783,0.4581698388399995,0.6673019357597423,0.5673869663826976,0.25815803422020656,0.5257146293159235,0.7640311613599435,0.42240447029210115,97.8,0.7979485796168005,0.2838427947598253,0.32038081805359664,709
28,ESM-2 650M,cellular,IF1_ECOLI,Pooled Split,0.8133259284230693,0.3096138473503932,0.43326323591988825,0.7937946400419732,0.6242786491706649,0.43346762498359315,0.6043037215704182,0.6759110523800629,307.8,0.7161835992800392,0.3055555555555556,0.9993055555555556,72
29,ESM-2 650M,cellular,IF1_ECOLI,Site Split,0.38895047823290635,0.5578191796725956,0.7723655229108254,0.5581437436485535,0.16881995993576798,0.698096585477028,0.9133810590177033,0.36175308512804344,36.8,0.7161835992800392,0.3055555555555556,0.9993055555555556,72
30,ESM-2 650M,cellular,KKA2_KLEPN_Mikkelsen2014,Pooled Split,0.5783774119396127,0.4959829341029742,0.6500988586166994,0.80549439848063,0.47810628881370576,0.5566365716898934,0.7182797634488973,0.7442637635906462,455.0,0.7111714665579993,0.5189393939393939,0.9893939393939394,264
31,ESM-2 650M,cellular,KKA2_KLEPN_Mikkelsen2014,Site Split,0.4740756800718609,0.5666887333476176,0.7297620245663144,0.7435532532265563,0.2977920268662032,0.651658707071659,0.8130256372497435,0.6077708610954451,158.4,0.7111714665579993,0.5189393939393939,0.9893939393939394,264
32,ESM-2 650M,cellular,MK01_HUMAN_Johannessen,Pooled Split,0.2705575194101627,0.6262336683173544,0.8563421999402567,0.5671383078290113,0.1788196898488067,0.6569862007103155,0.8960637515281059,0.4740125631810579,345.2,0.5019673630177323,0.7771587743732591,0.9456944444444444,360
33,ESM-2 650M,cellular,MK01_HUMAN_Johannessen,Site Split,0.165004405280981,0.673977339839689,0.9133879038706144,0.45898396768857913,0.058037639169714064,0.7233791714540933,0.9680052249557234,0.28610906124340063,91.4,0.5019673630177323,0.7771587743732591,0.9456944444444444,360
34,ESM-2 650M,cellular,MTH3_HAEAESTABILIZED_Tawfik2015,Pooled Split,0.5429262790526445,0.5475143332853455,0.6749131151309558,0.7513380786243717,0.3764129518466862,0.6393262225402354,0.7851747467767324,0.6287445151089367,198.4,0.7526127799293224,0.45592705167173253,0.268429003021148,331
35,ESM-2 650M,cellular,MTH3_HAEAESTABILIZED_Tawfik2015,Site Split,0.39859682998255047,0.6480606119486507,0.7759517334063125,0.6478826106124219,0.3130968218339337,0.6911377193111129,0.8231681240339371,0.5656596369560921,56.4,0.7526127799293224,0.45592705167173253,0.268429003021148,331
36,ESM-2 650M,cellular,PABP_YEAST_Fields2013_singles,Pooled Split,0.8217113800440596,0.32241749732848235,0.4264836179759378,0.8827212743540775,0.6656198840311763,0.4359761916493662,0.5511192885371923,0.7777118687326128,246.0,0.7605925770255249,0.3466666666666667,0.10285961871750433,577
37,ESM-2 650M,cellular,PABP_YEAST_Fields2013_singles,Site Split,0.7703583046019962,0.3623259257409331,0.4709378597976085,0.8538151690779381,0.2425401552447993,0.6874429481737115,0.8648873462872613,0.5291704120415777,179.4,0.7605925770255249,0.3466666666666667,0.10285961871750433,577
38,ESM-2 650M,cellular,PTEN_HUMAN_Fowler2018,Pooled Split,0.6315137216929418,0.4619434774447607,0.6060630994204417,0.7885993479221297,0.5117983649899391,0.5373646111741396,0.7027406791011174,0.7108733357183082,453.6,0.7408155750147832,0.5027932960893855,0.5245657568238213,403
39,ESM-2 650M,cellular,PTEN_HUMAN_Fowler2018,Site Split,0.4752686609862254,0.561295146440376,0.7230596517843372,0.6964891208890341,0.3136675654231549,0.6517946261650509,0.8243263995700765,0.5594370305596271,147.6,0.7408155750147832,0.5027932960893855,0.5245657568238213,403
40,ESM-2 650M,cellular,RASH_HUMAN_Kuriyan,Pooled Split,0.7619602874281854,0.33555352504119423,0.4887457117579014,0.8790162307850803,0.64659655075451,0.4270143546999856,0.5892050725643629,0.8055991318883299,535.6,0.7406245847325177,0.3333333333333333,0.8291005291005291,189
41,ESM-2 650M,cellular,RASH_HUMAN_Kuriyan,Site Split,0.3763710396766247,0.598129034504525,0.783286168949852,0.6413866776665398,0.13915232180889672,0.6810298115708663,0.9150555513749413,0.4305374273903711,66.0,0.7406245847325177,0.3333333333333333,0.8291005291005291,189
42,ESM-2 650M,cellular,RL401_YEAST_Bolon2013,Pooled Split,0.8407290115545397,0.2816813800641796,0.3994799581750624,0.8764307036623691,0.6284223097742357,0.42649737663257203,0.6021039708613947,0.7927556351967899,313.0,0.7103615366528945,0.5466666666666666,0.495703125,128
43,ESM-2 650M,cellular,RL401_YEAST_Bolon2013,Site Split,0.6165172139651645,0.45223785748948464,0.6220367512610687,0.7837641085682139,0.21226750568752473,0.6123727207007444,0.8394392399576939,0.5088559835832231,66.6,0.7103615366528945,0.5466666666666666,0.495703125,128
44,ESM-2 650M,cellular,RL401_YEAST_Bolon2014,Pooled Split,0.8419566511130124,0.28769797973245675,0.40033428081021566,0.7895187327636749,0.6677377319549327,0.3908040116056253,0.5537690404213068,0.674385282262263,313.4,0.7344805700311122,0.37333333333333335,0.560546875,128
45,ESM-2 650M,cellular,RL401_YEAST_Bolon2014,Site Split,0.6112976065543505,0.4615534465397569,0.6162294694395288,0.6968435971834757,0.24823097090545584,0.5913346026431404,0.8112067954072332,0.4802376812849486,82.0,0.7344805700311122,0.37333333333333335,0.560546875,128
46,ESM-2 650M,cellular,RL401_YEAST_Fraser2016,Pooled Split,0.6855800694706833,0.4100745607989202,0.5584043404341742,0.7931578259782162,0.5113121921584195,0.5198983135020934,0.701571972346715,0.6856055507325842,194.2,0.6681921302190386,0.56,0.5171875,128
47,ESM-2 650M,cellular,RL401_YEAST_Fraser2016,Site Split,0.47632909412376917,0.5435090175482223,0.7097985520860408,0.6880108307391801,0.29044508539601066,0.6954974751311309,0.8862796716842499,0.5598541214316477,49.2,0.6681921302190386,0.56,0.5171875,128
48,ESM-2 650M,cellular,SUMO1_HUMAN_Roth2017,Pooled Split,0.5852696098630306,0.4986728955323687,0.6434470592516519,0.7751029495516562,0.4097192624401675,0.5914221075206467,0.7700803070288529,0.6501535211993159,197.2,0.6498109205587788,0.693069306930693,0.8915841584158416,101
49,ESM-2 650M,cellular,SUMO1_HUMAN_Roth2017,Site Split,0.5311339913607955,0.5313948429706014,0.6802022462726234,0.7410420637446149,0.27806384598032785,0.6805015005086226,0.8637722169092813,0.5781219698569722,128.4,0.6498109205587788,0.693069306930693,0.8915841584158416,101
50,ESM-2 650M,cellular,TIM_SULSO,Pooled Split,0.7474481423256112,0.38757038096551605,0.5038272945920574,0.8368483402100871,0.5743655646222677,0.48510174521614113,0.6436028721620269,0.7548528351343403,257.4,0.6795312343350918,0.5375,0.30625,248
51,ESM-2 650M,cellular,TIM_SULSO,Site Split,0.4635662784141803,0.588686594971782,0.730332249275613,0.6730392521302806,0.24160031006324706,0.7094402262959528,0.8557863170101104,0.5424704473990924,51.6,0.6795312343350918,0.5375,0.30625,248
52,ESM-2 650M,cellular,TIM_THEMA,Pooled Split,0.7142423189632011,0.3898117525433795,0.5304665265458066,0.8221168941652571,0.5799652222389271,0.4911532367747081,0.665449981154973,0.7711130354223668,273.0,0.6674715962998132,0.425,0.3013888888888889,252
53,ESM-2 650M,cellular,TIM_THEMA,Site Split,0.37273878300996693,0.5976179490199305,0.7974605747284572,0.6519641382791477,0.1467846872500508,0.6964046199979534,0.8736392059843958,0.41274888320936165,49.4,0.6674715962998132,0.425,0.3013888888888889,252
54,ESM-2 650M,cellular,TIM_THETH,Pooled Split,0.8301673698522402,0.32032304919984894,0.41318913589364425,0.8899450970698515,0.6582579213947206,0.45055414497230883,0.5727026455643031,0.8064452717936739,365.8,0.7076068859320546,0.475,0.29901574803149605,254
55,ESM-2 650M,cellular,TIM_THETH,Site Split,0.5449097147573183,0.5496204920434108,0.6632724405438937,0.7281623190107929,0.1348590229285528,0.7700725724879353,0.918668383376388,0.38609594335343866,93.6,0.7076068859320546,0.475,0.29901574803149605,254
56,ESM-2 650M,cellular,TPK1_HUMAN_Roth2017,Pooled Split,0.2460774157925739,0.7096983740493368,0.8685822518656439,0.5216593841912868,0.12937352025652923,0.7599917158285381,0.9300830227670286,0.3889493884912995,184.0,0.40846174151187786,0.9012345679012346,0.7045267489711934,243
57,ESM-2 650M,cellular,TPK1_HUMAN_Roth2017,Site Split,0.2243586242368342,0.7237937643138344,0.8811048841515963,0.49964230453311514,0.07576797596239489,0.7858013365335885,0.956068678378367,0.32868424128940865,151.8,0.40846174151187786,0.9012345679012346,0.7045267489711934,243
58,ESM-2 650M,cellular,TPMT_HUMAN_Fowler2018,Pooled Split,0.560061039405485,0.5004468542308728,0.6630172433086944,0.6954822673042041,0.45801639943905653,0.5586432141989176,0.735992885447623,0.6153204751272855,407.4,0.5869730729239018,0.6224066390041494,0.8128571428571428,245
59,ESM-2 650M,cellular,TPMT_HUMAN_Fowler2018,Site Split,0.42461059485964486,0.5741834214136554,0.7580180263358713,0.6199930950482218,0.2740077151669425,0.6518539778697139,0.8523800103026268,0.5189078942113203,119.0,0.5869730729239018,0.6224066390041494,0.8128571428571428,245
60,ESM-2 650M,cellular,UBC9_HUMAN_Roth2017,Pooled Split,0.585260327377798,0.4789478946883177,0.6380664172535533,0.7946370162648736,0.40343821311668854,0.5726977779814364,0.797582985367376,0.6962204724347065,340.2,0.6450200962443945,0.5094339622641509,0.8559748427672956,159
61,ESM-2 650M,cellular,UBC9_HUMAN_Roth2017,Site Split,0.5623623332254069,0.49302456770608993,0.657317704504592,0.7834528961762286,0.10993389451622441,0.7129601701063164,0.9394212243351989,0.42681484670001757,265.6,0.6450200962443945,0.5094339622641509,0.8559748427672956,159
62,ESM-2 650M,cellular,UBE4B_MOUSE_Klevit2013_singles,Pooled Split,0.4941280840605281,0.5348587999217898,0.7069145896896882,0.687329897477032,0.24009335149466712,0.6150708900854053,0.8815586484784268,0.5026445220464751,112.0,0.6910172512535072,0.4803921568627451,0.038320545609548166,1173
63,ESM-2 650M,cellular,UBE4B_MOUSE_Klevit2013_singles,Site Split,0.21991670581807007,0.6570608689449841,0.8844223620088568,0.4902610411168653,0.13583565567607456,0.6889509760665685,0.9201141424020886,0.38442891139587954,25.4,0.6910172512535072,0.4803921568627451,0.038320545609548166,1173
64,ESM-2 650M,cellular,YAP1_HUMAN_Fields2012_singles,Pooled Split,0.7853159149315629,0.3404641795373515,0.4533282666728489,0.8959721845837054,0.45392373014952236,0.5489180545425766,0.7540647618830577,0.6923423423423424,93.2,0.7425657891518733,0.3333333333333333,0.03591269841269841,504
65,ESM-2 650M,cellular,YAP1_HUMAN_Fields2012_singles,Site Split,0.5747816313711972,0.46634137184124447,0.6315366953981181,0.7957872973030188,0.11053706107854251,0.712739482968764,0.9090641042120066,0.5130226250253284,42.2,0.7425657891518733,0.3333333333333333,0.03591269841269841,504
66,ESM-2 650M,viral,BPP22_COAT_Tsuboyama,Pooled Split,0.9201881656578264,0.20345502177305325,0.28064911681368965,0.9434111617228907,0.8151992713597206,0.31846924132033605,0.4329310228344571,0.8813123917493307,170.8,0.786835071097406,0.325,0.90375,40
67,ESM-2 650M,viral,BPP22_COAT_Tsuboyama,Site Split,0.8075874234135391,0.29361797362931535,0.4254817316892211,0.8849843073688145,0.6502364312391545,0.43799039556929403,0.5978520733534436,0.8445707943201025,50.4,0.786835071097406,0.325,0.90375,40
68,ESM-2 650M,viral,CVB3_2A_Alvarez,Pooled Split,0.6652048700975357,0.44240070783881347,0.5809266538888447,0.7445550918404613,0.5839309110791823,0.4792459320678706,0.6336149094003865,0.6869259828989005,255.4,0.7765736558944001,0.36666666666666664,0.9973333333333333,150
69,ESM-2 650M,viral,CVB3_2A_Alvarez,Site Split,0.4298551080246672,0.6064620255808731,0.7586403593229606,0.6168653606376839,0.18576333876664114,0.6885779949744409,0.852546739871088,0.4009365493678228,61.4,0.7765736558944001,0.36666666666666664,0.9973333333333333,150
70,ESM-2 650M,viral,CVB3_2B_Alvarez,Pooled Split,0.6086131911061368,0.5085863661373571,0.6253471934127327,0.8007024822739421,0.48727406879757124,0.5822254978727035,0.7152247381113426,0.7246722141110955,206.4,0.5877273255364133,0.7474747474747475,0.9994949494949495,99
71,ESM-2 650M,viral,CVB3_2B_Alvarez,Site Split,0.25796158875230196,0.7674404448943472,0.8608262664208427,0.5535456461736142,0.19533182441876448,0.7980512591433266,0.892471668444206,0.4647719725664886,35.0,0.5877273255364133,0.7474747474747475,0.9994949494949495,99
72,ESM-2 650M,viral,CVB3_2C_Alvarez,Pooled Split,0.5277384951032162,0.5640124885121606,0.68730503225418,0.745210147884283,0.45615357431659687,0.605533351461197,0.7364754869938197,0.6997066292045739,402.8,0.5960845961866512,0.6808510638297872,0.9989361702127659,329
73,ESM-2 650M,viral,CVB3_2C_Alvarez,Site Split,0.373868887590344,0.6707166746851518,0.7928793002247676,0.6480340596747921,0.2736517704055329,0.7150809684414445,0.8394542706753713,0.5606538601445875,86.8,0.5960845961866512,0.6808510638297872,0.9989361702127659,329
74,ESM-2 650M,viral,CVB3_3A_Alvarez,Pooled Split,0.6939727295002863,0.446849888370138,0.5518900748503727,0.835260922616107,0.5333599067053045,0.5497934309401917,0.685665528074175,0.7524585268042859,303.4,0.6489060059223675,0.6741573033707865,0.9943820224719101,89
75,ESM-2 650M,viral,CVB3_3A_Alvarez,Site Split,0.2421170600434929,0.7952262176671268,0.8707853750026124,0.5280242808503995,0.03896700930133392,0.866606240145783,0.9564934110871162,0.29068061332833456,24.4,0.6489060059223675,0.6741573033707865,0.9943820224719101,89
76,ESM-2 650M,viral,CVB3_3B_Alvarez,Pooled Split,0.7402490157240138,0.413244739658939,0.5111525306860077,0.8396203891457693,0.5416079406725729,0.5227704700377067,0.6547001444398364,0.7296609481366216,91.4,0.6886532329837339,0.5454545454545454,1.0,22
77,ESM-2 650M,viral,CVB3_3B_Alvarez,Site Split,0.6570804442747702,0.4663011313142455,0.5810588043274342,0.81261213429954,-0.20990946666756086,0.8729297198415937,1.016812634515892,0.3484632576990702,57.4,0.6886532329837339,0.5454545454545454,1.0,22
78,ESM-2 650M,viral,CVB3_3C_Alvarez,Pooled Split,0.5716381242082235,0.5199748968020946,0.6550317731305142,0.7421269798416101,0.4932811538179654,0.5680129023430792,0.7084666671401648,0.6988294672954478,358.4,0.6078066808254906,0.6775956284153005,0.9983606557377049,183
79,ESM-2 650M,viral,CVB3_3C_Alvarez,Site Split,0.43314195576499354,0.6171507669473276,0.7540304984171857,0.6832477678337098,0.18255199294785124,0.7539135941283162,0.8914538963773282,0.5151138849529835,97.8,0.6078066808254906,0.6775956284153005,0.9983606557377049,183
80,ESM-2 650M,viral,CVB3_3D_Alvarez,Pooled Split,0.46116704013553245,0.5999672914324724,0.7347041871917402,0.6987537105350463,0.4322097971987051,0.6162841488789287,0.7506064874036077,0.6786524178151536,306.6,0.6031514073945412,0.696969696969697,0.9975108225108225,462
81,ESM-2 650M,viral,CVB3_3D_Alvarez,Site Split,0.3585189191133929,0.6649176312168906,0.8004762407636037,0.6345544501639976,0.307705569250218,0.6967354134649927,0.8309193064022518,0.5991141544748051,77.0,0.6031514073945412,0.696969696969697,0.9975108225108225,462
82,ESM-2 650M,viral,CVB3_POLG_Mattenberger,Pooled Split,0.3507676727138878,0.631231541157969,0.802983257149003,0.579664288586913,0.3063560486398753,0.6653603357638,0.8437671509346483,0.5401975210716217,574.0,0.7394436992802171,0.39482961222091656,0.35951945080091535,2185
83,ESM-2 650M,viral,CVB3_POLG_Mattenberger,Site Split,0.18648784840673177,0.7180831164596571,0.906414917255692,0.42599690311708505,0.13700214322667076,0.7190092728963339,0.9074821835512148,0.3733591984178292,65.0,0.7394436992802171,0.39482961222091656,0.35951945080091535,2185
84,ESM-2 650M,viral,CVB3_VP1_Alvarez,Pooled Split,0.486691113018851,0.5788245051251685,0.7160948728395102,0.6879894587045741,0.352561646700302,0.6541025043954102,0.8059803085397274,0.6091019723374911,566.6,0.6055907388419459,0.6014234875444839,0.9314946619217082,281
85,ESM-2 650M,viral,CVB3_VP1_Alvarez,Site Split,0.232403715917381,0.7443669785028412,0.8780378139987258,0.5171988533878578,0.18554333331417144,0.7659753417806603,0.8926990027457103,0.46437130435916574,46.0,0.6055907388419459,0.6014234875444839,0.9314946619217082,281
86,ESM-2 650M,viral,CVB3_VP3_Alvarez,Pooled Split,0.3896995209185411,0.6027499219190192,0.7820810248129306,0.5976693747086721,0.27934488516038575,0.6619814193582888,0.8445252727401723,0.5323944672083922,430.2,0.5119786455413433,0.6428571428571429,0.9508403361344537,238
87,ESM-2 650M,viral,CVB3_VP3_Alvarez,Site Split,0.172854642442661,0.6937033202450136,0.9033516231750397,0.4456567019136976,0.1335595601570106,0.7387001296925667,0.9502035077688863,0.4147322616771939,41.0,0.5119786455413433,0.6428571428571429,0.9508403361344537,238
88,ESM-2 650M,viral,DENV_POLG_Suphatrakul,Pooled Split,0.41262306631485873,0.6411559021671802,0.7662792087084884,0.6583728511812448,0.3450676550803221,0.6764412129265196,0.8097294124531287,0.6014705801374467,778.0,0.7704619909115175,0.3711111111111111,0.9387222222222222,900
89,ESM-2 650M,viral,DENV_POLG_Suphatrakul,Site Split,0.11621319008404278,0.8296912303322707,0.9390137716042986,0.36436356106648804,0.09960795396041713,0.8469716700279013,0.9529346868518722,0.3328904452378877,24.2,0.7704619909115175,0.3711111111111111,0.9387222222222222,900
90,ESM-2 650M,viral,EV_CAPSD_Bakhache,Pooled Split,0.23531377511283913,0.7071796505430366,0.876257453295815,0.49968625573958814,0.16652475563467345,0.7317545400259305,0.9051029744540455,0.4192694321937974,522.2,0.5688100088861823,0.685614849187935,0.95,862
91,ESM-2 650M,viral,EV_CAPSD_Bakhache,Site Split,0.12381217661297961,0.7647464867550336,0.9400321974662276,0.37652384097167296,0.08572314098581893,0.764038083583019,0.9377076399292786,0.3221344866667554,78.0,0.5688100088861823,0.685614849187935,0.95,862
92,ESM-2 650M,viral,EV_REP_Bakhache,Pooled Split,0.2924762049453432,0.703412549306878,0.8414720320148994,0.5305379957893674,0.2571941216794743,0.7194449790451728,0.8603582367200413,0.4987764349679689,504.8,0.6372857663459663,0.6363636363636364,0.95,1331
93,ESM-2 650M,viral,EV_REP_Bakhache,Site Split,0.20716716945847552,0.7547825018928284,0.8922090563800866,0.4601070323456238,0.16581364824846637,0.7658985110367311,0.9044206600436061,0.4105209866447509,88.6,0.6372857663459663,0.6363636363636364,0.95,1331
94,ESM-2 650M,viral,HIV1_BF520_ENV_Haddox,Pooled Split,0.4946875356579975,0.5738515169699363,0.7107171834937235,0.7135268200927024,0.4166820737065621,0.6148279091915898,0.7641235200402752,0.6495661084892592,634.2,0.8294494649960933,0.1797583081570997,0.7380868544600939,852
95,ESM-2 650M,viral,HIV1_BF520_ENV_Haddox,Site Split,0.2351125640443025,0.7181040245159199,0.8746465509488648,0.48580581736788664,0.15145785868658496,0.7571407517425863,0.9179952670159665,0.39299942922939113,81.0,0.8294494649960933,0.1797583081570997,0.7380868544600939,852
96,ESM-2 650M,viral,HIV1_BG505_ENV_Haddox,Pooled Split,0.4945204603593393,0.5770065335854329,0.7110012553371361,0.7081336609996087,0.4199977259321317,0.6167683077731094,0.7613130077010146,0.6469282363933857,631.2,0.8118129346206062,0.25522388059701495,0.7400581395348838,860
97,ESM-2 650M,viral,HIV1_BG505_ENV_Haddox,Site Split,0.18572086968343132,0.7623703943671148,0.9020389698631162,0.42486365166324414,0.12277108786664474,0.7876354516743979,0.9306809455605889,0.36556687845166513,42.2,0.8118129346206062,0.25522388059701495,0.7400581395348838,860
98,ESM-2 650M,viral,HIV1_HV1B9_ENV_DuenasDecamp,Pooled Split,0.5008173990037861,0.5105376767839316,0.7055438864034658,0.6651381189943842,0.11305935622185204,0.6602761677697975,0.8944733613325886,0.45521406352119104,55.4,0.5694446789584796,0.55,0.021981242672919107,853
99,ESM-2 650M,viral,HIV1_HV1B9_ENV_DuenasDecamp,Site Split,0.11499638529247228,0.669451624591882,0.942522119057104,0.3833632104742235,-0.11892115954818908,0.7393076137550961,0.9812648425615151,0.020262210942817698,4.2,0.5694446789584796,0.55,0.021981242672919107,853
100,ESM-2 650M,viral,IAV_H1_HA_Doud,Pooled Split,0.5526705838998708,0.537054106352853,0.6695493189925756,0.7622548195357114,0.467974834508725,0.5809786036771002,0.7259839540023296,0.7047798437228412,678.4,0.7799721482539398,0.3280141843971631,0.9482300884955752,565
101,ESM-2 650M,viral,IAV_H1_HA_Doud,Site Split,0.2513975063409365,0.7173832993533676,0.8632814517442939,0.5430385783083537,0.20393018945882666,0.745055155938932,0.8976982770530624,0.4916634873607727,35.6,0.7799721482539398,0.3280141843971631,0.9482300884955752,565
102,ESM-2 650M,viral,IAV_H1_HA_Wu,Pooled Split,0.07851314764986608,0.4335907259104209,0.9389153494320583,0.41315254247928007,0.033531409372446364,0.4768201658000849,1.0349475101056842,0.376426438621952,55.8,0.593639483947353,0.17028985507246377,0.2079646017699115,565
103,ESM-2 650M,viral,IAV_H1_HA_Wu,Site Split,0.03258112391039982,0.4517252067659775,0.9768281461123074,0.3365774835511009,0.02986038819906552,0.4582319749718266,1.0051483631777263,0.3478165450308316,4.6,0.593639483947353,0.17028985507246377,0.2079646017699115,565
104,ESM-2 650M,viral,IAV_H1_NP_Doud,Pooled Split,0.3454865898806522,0.6389679862345858,0.8094660360296787,0.5982310712766818,0.2151105634215403,0.6971670600620316,0.8835850950575252,0.47405056827863296,710.4,0.6095011018860664,0.642570281124498,0.95,498
105,ESM-2 650M,viral,IAV_H1_NP_Doud,Site Split,0.04805413398394684,0.7790659105730131,0.9735617933325116,0.22543033080310132,0.021462157668111943,0.798088461666316,0.9940723174040891,0.1836855560167891,19.0,0.6095011018860664,0.642570281124498,0.95,498
106,ESM-2 650M,viral,IAV_H3_HA_Lee,Pooled Split,0.48881700755200386,0.5719626885196906,0.7140753895217823,0.7199826453406487,0.43110692462898764,0.6088733096588619,0.7578923132389932,0.6756793376229423,482.4,0.7884429109792536,0.2826855123674912,0.95,566
107,ESM-2 650M,viral,IAV_H3_HA_Lee,Site Split,0.253374373095858,0.7081392013815522,0.8614875779045968,0.5447451248506423,0.1895753490805003,0.7477682897752549,0.9055155379831307,0.4763515629594572,49.6,0.7884429109792536,0.2826855123674912,0.95,566
108,ESM-2 650M,viral,IAV_H3_NP_Doud,Pooled Split,0.4628395865809116,0.5755956062400946,0.7316551720314232,0.658830258249767,0.32243233550735606,0.6491371071804976,0.8283300643203482,0.5445568907996401,910.2,0.7408140265525807,0.3795180722891566,0.95,498
109,ESM-2 650M,viral,IAV_H3_NP_Doud,Site Split,0.07573465425178454,0.7563786647752198,0.9663663677706751,0.25988540177543007,0.0202674544365952,0.7635731834683778,0.9679461558691184,0.12025948810601139,21.8,0.7408140265525807,0.3795180722891566,0.95,498
110,ESM-2 650M,viral,IAV_H5_HA_Dadonaite,Pooled Split,0.521426065894096,0.5680628753801116,0.691590784799519,0.719108497902558,0.4514140973031682,0.6035145013346406,0.7412283837432805,0.666646188835956,522.4,0.7411480106563622,0.42328042328042326,0.9303350970017636,567
111,ESM-2 650M,viral,IAV_H5_HA_Dadonaite,Site Split,0.25403326768455464,0.7547881455123229,0.8624320529143636,0.515557978778025,0.24784763625119366,0.7606988548035123,0.8711067279232321,0.5107686704115701,32.0,0.7411480106563622,0.42328042328042326,0.9303350970017636,567
112,ESM-2 650M,viral,IAV_NA_Jiang,Pooled Split,0.603011914538955,0.45918703889826207,0.6172601747016617,0.7866355355234622,0.4149874109546703,0.6506351727999251,0.8161151956508685,0.601233676021117,68.0,0.8116082291912077,0.36,0.03289183222958057,453
113,ESM-2 650M,viral,IAV_NA_Jiang,Site Split,0.09766987195183095,0.7626519880703911,0.9503448366428635,0.4509209741738339,-0.08222235220683724,0.768221642536277,0.9725690105314451,0.06738751294124146,7.2,0.8116082291912077,0.36,0.03289183222958057,453
114,ESM-2 650M,viral,IAV_PA_Wu,Pooled Split,0.10903745758527073,0.6223238317986037,0.9385302988309038,0.35333146421119166,0.02644054874585946,0.6496446007044069,0.9847223918753885,0.22406276784198767,65.2,0.754563254769772,0.21513353115727002,0.1270949720670391,716
115,ESM-2 650M,viral,IAV_PA_Wu,Site Split,0.0011018803998873476,0.6857379720612545,1.0311960431018654,0.10561478168091387,-0.010639560320159922,0.6385071821654161,0.8587999447981358,0.02288658385907165,0.8,0.754563254769772,0.21513353115727002,0.1270949720670391,716
116,ESM-2 650M,viral,IAV_PB2_Soh,Pooled Split,0.3155512991409907,0.5482656450318374,0.8303063776396135,0.5810800461089122,0.2530761290469108,0.5692201653532176,0.8475550827748911,0.5271065396161554,583.6,0.7423704436189593,0.24769433465085638,0.95,759
117,ESM-2 650M,viral,IAV_PB2_Soh,Site Split,0.08715604227204983,0.6458056278126081,0.9778486674386964,0.3360196252395054,0.06339772688457272,0.629195171485082,0.8657556528560691,0.27543865207012025,31.2,0.7423704436189593,0.24769433465085638,0.95,759
118,ESM-2 650M,viral,IAV_RDRP_Li,Pooled Split,0.31754199162513946,0.6680622188081751,0.8280420287857325,0.5681431110759403,0.24821353198114862,0.6957353949589459,0.8586219564883845,0.49853340084956865,508.6,0.6018049912917579,0.6551724137931034,0.7928005284015852,757
119,ESM-2 650M,viral,IAV_RDRP_Li,Site Split,0.1813899428063343,0.7387842783427352,0.9040237349165864,0.43788866186032854,0.12061771772347041,0.7705053915907352,0.9387975905420408,0.35838690757966835,93.0,0.6018049912917579,0.6551724137931034,0.7928005284015852,757
120,ESM-2 650M,viral,LAMBDA_HCP_Tsuboyama,Pooled Split,0.9427580300256768,0.1804924809274968,0.23799934308963916,0.9453457848010073,0.8407948185636697,0.2976570298078113,0.4036403365166983,0.8833904082187833,275.0,0.8126651708361702,0.32727272727272727,0.9454545454545454,55
121,ESM-2 650M,viral,LAMBDA_HCP_Tsuboyama,Site Split,0.8389243825337213,0.2893767631055747,0.3887615922912057,0.8836327364830762,0.6035311001538642,0.48234952951078947,0.617182661103562,0.7647465501698911,115.6,0.8126651708361702,0.32727272727272727,0.9454545454545454,55
122,ESM-2 650M,viral,LASSA_GP_Carr,Pooled Split,0.49985232485960884,0.5773394665189084,0.7066493697433316,0.7001040602847498,0.3683938926999416,0.6470897945227183,0.7968811416829165,0.6124945345857007,805.0,0.6879664015366719,0.5498981670061099,0.9445010183299389,491
123,ESM-2 650M,viral,LASSA_GP_Carr,Site Split,0.15476720216037926,0.7957093077812545,0.9186058576205074,0.3854379564494784,0.0861965216961966,0.8330625988244756,0.9570538225180855,0.2836633711142715,36.0,0.6879664015366719,0.5498981670061099,0.9445010183299389,491
124,ESM-2 650M,viral,NIPAH_F_Larsen,Pooled Split,0.5324685244246479,0.5450397333459157,0.684327308006514,0.6721496348294759,0.45132614100725144,0.5844550018903677,0.7379731293258597,0.6095252211901253,567.6,0.74405991868929,0.39849624060150374,0.8371262458471761,602
125,ESM-2 650M,viral,NIPAH_F_Larsen,Site Split,0.1350192442879023,0.8033216807161914,0.9378601558611986,0.3211688144489536,0.11634644310245985,0.7709918727566062,0.9019370041178558,0.29308195113107577,19.4,0.74405991868929,0.39849624060150374,0.8371262458471761,602
126,ESM-2 650M,viral,RmYN02_RBD_Starr,Pooled Split,0.3428343293476347,0.39610052050618483,0.8203044063854626,0.6013617706430016,0.1664442372257749,0.4379680226597248,0.8644930371846014,0.5265001110160344,320.0,0.5984616713819363,0.09340659340659341,0.3521384928716904,491
127,ESM-2 650M,viral,RmYN02_RBD_Starr,Site Split,0.06554502389748944,0.5462675469294557,0.9856345177278483,0.3240671203808791,-0.01374780916852662,0.539959672777665,0.9159579315892925,0.17282678588651304,18.6,0.5984616713819363,0.09340659340659341,0.3521384928716904,491
128,ESM-2 650M,viral,RsYN04_RBD_Starr,Pooled Split,0.4808060781249224,0.36913927799105806,0.730869312201821,0.37180484720928114,0.2866957371321284,0.42612150744652466,0.7791653665128573,0.2848731155329204,473.4,0.8250349636434473,0.04568527918781726,0.36199226305609283,517
129,ESM-2 650M,viral,RsYN04_RBD_Starr,Site Split,0.007144323822995161,0.42827694699248847,1.0636323367397265,0.0902431168864001,-0.03746888293395524,0.3585404227513045,0.658613100621567,0.0046011279518480604,2.8,0.8250349636434473,0.04568527918781726,0.36199226305609283,517
130,ESM-2 650M,viral,SARS2_BA1_SPIKE_Dadonaite,Pooled Split,0.3744835693223114,0.6236544313959604,0.7909830957460031,0.5548253922206221,0.25295645306510306,0.6777545916396818,0.8634105670815228,0.4672584743880705,548.2,0.6820657913032792,0.5820656525220176,0.4322658126501201,1249
131,ESM-2 650M,viral,SARS2_BA1_SPIKE_Dadonaite,Site Split,0.14458031833004398,0.7638288199628818,0.9255034295675454,0.3393516249817293,0.11534197178858843,0.7732030581922815,0.9375295998651076,0.2896301518857603,52.0,0.6820657913032792,0.5820656525220176,0.4322658126501201,1249
132,ESM-2 650M,viral,SARS2_DELTA_SPIKE_Dadonaite,Pooled Split,0.05659651140740686,0.40061010306760225,0.9793601915172296,0.24582331138615138,0.0250482656483672,0.4014928152989167,0.9355875843740037,0.2235257123987034,73.6,0.45984383132826473,0.2344,0.39048,1250
133,ESM-2 650M,viral,SARS2_DELTA_SPIKE_Dadonaite,Site Split,0.036932599888716375,0.4078928431954877,0.9900864338645855,0.2159138657003709,0.021112661432664083,0.4031969032091619,0.9521656628228398,0.1996636276107247,35.4,0.45984383132826473,0.2344,0.39048,1250
134,ESM-2 650M,viral,SARS2_MRPO_Flynn,Pooled Split,0.5650216497694868,0.5388072092600865,0.6597490873105506,0.7211233232643675,0.4697359693778849,0.5912455702948447,0.7268490365118717,0.6567211466140912,407.8,0.8372519587852103,0.2838283828382838,0.9354575163398693,306
135,ESM-2 650M,viral,SARS2_MRPO_Flynn,Site Split,0.20135319157611614,0.7878437898397677,0.8945466783049391,0.4210910279288592,0.05832088880479456,0.8516849192289117,0.9619631094398763,0.2129230910804072,44.2,0.8372519587852103,0.2838283828382838,0.9354575163398693,306
136,ESM-2 650M,viral,SARS2_PLPRO_abundance_Wu,Pooled Split,0.5042068115243958,0.5575545024495634,0.7009470219301303,0.7299377676736276,0.3626805371223457,0.6411236431093883,0.8115300218230737,0.6187991593749368,503.0,0.7203870066716993,0.4253968253968254,0.8441455696202531,316
137,ESM-2 650M,viral,SARS2_PLPRO_abundance_Wu,Site Split,0.15015936038787267,0.7611652837519658,0.9186213677112113,0.39862835958383175,0.08479882915880713,0.811444970993865,0.9686378738325573,0.2634748159146995,35.2,0.7203870066716993,0.4253968253968254,0.8441455696202531,316
138,ESM-2 650M,viral,SARS2_PLPRO_activity_Wu,Pooled Split,0.5686964217941568,0.5422370867778228,0.6578512231332849,0.7384787791133239,0.47694591277479204,0.5875623696529926,0.7178626718716965,0.6707030680828213,357.8,0.8177205074130176,0.29523809523809524,0.8441455696202531,316
139,ESM-2 650M,viral,SARS2_PLPRO_activity_Wu,Site Split,0.313268188461986,0.7220448852892042,0.8265980270474105,0.541558408485623,0.2027008640770533,0.7802501908247537,0.8981548010300365,0.4153247684737235,66.4,0.8177205074130176,0.29523809523809524,0.8441455696202531,316
140,ESM-2 650M,viral,SARS2_PRD0038_RBD_Starr,Pooled Split,0.5851611974854676,0.46754763685130296,0.6448159943902507,0.6168551938187821,0.4705595249959419,0.5092216523765128,0.7229491832034449,0.5611675716366421,261.4,0.8066320861415375,0.3,0.9995,200
141,ESM-2 650M,viral,SARS2_PRD0038_RBD_Starr,Site Split,0.1815853995163277,0.6726587919965364,0.9036214276853712,0.3467752931353869,0.13931505915466455,0.6869009881314827,0.9225507972542525,0.2882984045659689,20.0,0.8066320861415375,0.3,0.9995,200
142,ESM-2 650M,viral,SARS2_RBD_binding_Starr,Pooled Split,0.6757762317667567,0.4096278403161736,0.5658748669378646,0.7023325306120722,0.5785447401116277,0.47578231396147413,0.6640444121956766,0.6508416901023383,436.8,0.8280261977050215,0.263681592039801,0.1493322859387274,1273
143,ESM-2 650M,viral,SARS2_RBD_binding_Starr,Site Split,0.23838157771536722,0.6506605085512445,0.870497603072782,0.38984063385855805,0.0332217872679812,0.7193858721378528,0.9686076402368574,0.20067958689484686,34.4,0.8280261977050215,0.263681592039801,0.1493322859387274,1273
144,ESM-2 650M,viral,SARS2_RBD_expression_Starr,Pooled Split,0.7296950151697732,0.40908843224794766,0.520077687896322,0.8435332648120578,0.5744326187651452,0.5064603203147267,0.6509628174918897,0.7512878554767903,562.6,0.8573851724731965,0.19402985074626866,0.14917517674783976,1273
145,ESM-2 650M,viral,SARS2_RBD_expression_Starr,Site Split,0.12088861005417287,0.8182132528136382,0.930677950817316,0.28969507999062527,0.034882317398492235,0.8751492973542444,0.9990836505536661,0.19375644453677637,16.4,0.8573851724731965,0.19402985074626866,0.14917517674783976,1273
146,ESM-2 650M,viral,SARS2_XBB15_RBD_Taylor,Pooled Split,0.6664168877686687,0.4403329672838354,0.5777503915308044,0.6934229332414048,-0.19676412258599213,0.5413604812231645,1.0014610521024132,0.6106986483281444,454.0,0.8191061957899265,0.30845771144278605,0.9997512437810945,201
147,ESM-2 650M,viral,SARS2_XBB15_RBD_Taylor,Site Split,0.18340579606040114,0.7242680651960025,0.8962301292012617,0.35654042951857334,0.02006940471094646,0.8101869556324356,1.0123355371496534,0.19653622602960422,29.0,0.8191061957899265,0.30845771144278605,0.9997512437810945,201
