,Dataset,Source,Split,R2_AVG,R2_ESM2_3B_Sawhney,R2_ESM2_650M,R2_ESM2_CRVDB,R2_ESM2_URVDB,R2_ESMC_600M
0,AMIE_PSEAE_Whitehead,cellular,pool_split,0.405258260159101,0.5407314662431892,0.48618777776787975,0.49676624704331634,0.4863373369010901,0.4767937377257826
1,B3VI55_LIPSTSTABLE,cellular,pool_split,0.2540944248500056,0.5236197645045723,0.4685314880883832,0.4536810418848275,0.4505014306311231,0.42055875655122377
2,B3VI55_LIPST_Whitehead2015,cellular,pool_split,0.16233250036501856,0.28982728214550074,0.25670130307350386,0.23873847017473437,0.24326058847469417,0.23126485902158325
3,BG_STRSQ_hmmerbit,cellular,pool_split,0.10200042679942163,0.46065687040224923,0.42751039061207574,0.40576348251632427,0.4019352079285833,0.539194442296564
4,BLAT_ECOLX_Ostermeier2014,cellular,pool_split,0.45509491815450404,0.7242903260706832,0.6661545372419098,0.6547713688970601,0.654152980800697,0.6534267152955369
5,BLAT_ECOLX_Palzkill2012,cellular,pool_split,0.4300071560175332,0.6294770189331395,0.560036684808655,0.5711607226837702,0.5598894690956154,0.5586371560914809
6,BLAT_ECOLX_Ranganathan2015,cellular,pool_split,0.5840551894619822,0.7501005196739702,0.7200242416948767,0.7125112412331909,0.7166303986677406,0.7110603172712051
7,BLAT_ECOLX_Tenaillon2013,cellular,pool_split,0.24748628903256564,0.4836600182738561,0.5037916865705231,0.5171113184942342,0.4683587152124674,0.6221080053822637
8,BPP22_COAT_Tsuboyama,viral,pool_split,0.5514156387331723,0.8208944689587099,0.8151992713597206,0.8190075711602038,0.7929789463774453,0.859637665122329
9,BRCA1_HUMAN_BRCT,cellular,pool_split,0.25521533353944376,0.46612937829221635,0.4625931577558606,0.4472806544105385,0.45032503327320167,0.4858385142238751
10,BRCA1_HUMAN_RING,cellular,pool_split,0.3477881895179966,0.5417997451449734,0.5492209628247351,0.561349307601141,0.5301204119962311,0.5483779915439252
11,CALM1_HUMAN_Roth2017,cellular,pool_split,-0.0474662672516253,0.0684528345285605,0.04568113459058816,0.04229233835586646,0.046507244469433065,0.11136534120742936
12,CVB3_2A_Alvarez,viral,pool_split,0.5437504746487545,0.7071674279246297,0.5839309110791823,0.6276283588139132,0.6184549323638124,0.525020543336581
13,CVB3_2B_Alvarez,viral,pool_split,0.2594361556055724,0.5505268212122355,0.48727406879757124,0.5113338388051323,0.517781847644792,0.4164450886126653
14,CVB3_2C_Alvarez,viral,pool_split,0.2501809114886469,0.5456137311224484,0.45615357431659687,0.4907470120395468,0.4816974301076892,0.31419394241232446
15,CVB3_3A_Alvarez,viral,pool_split,0.2786165716068542,0.5607481962198021,0.5333599067053045,0.5112399138164456,0.5595092767274937,0.45415972175192715
16,CVB3_3B_Alvarez,viral,pool_split,0.5013960744103936,0.5280005284760209,0.5416079406725729,0.5253973247278788,0.5397880822214891,0.4460057517714013
17,CVB3_3C_Alvarez,viral,pool_split,0.3277296209725238,0.5923021330967725,0.4932811538179654,0.5175461075003642,0.5077711436302664,0.3718770008083513
18,CVB3_3D_Alvarez,viral,pool_split,0.2811274039537483,0.5574529918444988,0.4322097971987051,0.47290690450513245,0.4765246564901898,0.30851506851699734
19,CVB3_POLG_Mattenberger,viral,pool_split,0.48793306052886704,0.398107357486068,0.3063560486398753,0.3010160726135834,0.31777143862297913,0.2068543077635924
20,CVB3_VP1_Alvarez,viral,pool_split,0.2711849377954214,0.38736985661552464,0.352561646700302,0.34142610832657755,0.3683764152600931,0.26457169172179784
21,CVB3_VP3_Alvarez,viral,pool_split,0.14723986516299653,0.35265894457060015,0.27934488516038575,0.30043137712047563,0.298469469299283,0.21834893243916947
22,DENV_POLG_Suphatrakul,viral,pool_split,0.5517422883064163,0.40362039105943615,0.3450676550803221,0.323128776997451,0.34645338046122537,0.2985606691210384
23,DLG4_RAT_Ranganathan2012,cellular,pool_split,0.47382336455018076,0.605128529391614,0.5805342517622303,0.5580992652151445,0.6025357784339342,0.6498656458003963
24,EV_CAPSD_Bakhache,viral,pool_split,0.23140438994154,0.23019568578275354,0.16652475563467345,0.18645052181917765,0.18816608706646756,0.12625887161520807
25,EV_REP_Bakhache,viral,pool_split,0.3236901246004185,0.34999142635965896,0.2571941216794743,0.2732980167909209,0.26736253730512993,0.1636570589975725
26,GAL4_YEAST_Shendure2015,cellular,pool_split,0.3918699809985445,0.42846611659283756,0.4447695750594618,0.41768084869566985,0.40647131635451056,0.3937250277706528
27,HIV1_BF520_ENV_Haddox,viral,pool_split,0.6460453538598504,0.4849079987161532,0.4166820737065621,0.4544825832378758,0.4474735514368041,0.36702405876612343
28,HIV1_BG505_ENV_Haddox,viral,pool_split,0.6159435158979398,0.5114413825429467,0.4199977259321317,0.4786782312077632,0.4557640464060615,0.3873692408535965
29,HIV1_HV1B9_ENV_DuenasDecamp,viral,pool_split,0.21869697394667206,0.06382766271844934,0.11305935622185204,0.14655788754613402,0.06465970885483288,0.2326985002306728
30,HSP82_YEAST_Bolon2016,cellular,pool_split,0.5755143270796355,0.6977413029481758,0.6825475926695596,0.6724110838408445,0.6575525658111688,0.6607127424089543
31,IAV_H1_HA_Doud,viral,pool_split,0.5493610307680372,0.5559326377236888,0.467974834508725,0.45916675719117456,0.46578548755596794,0.332553629895073
32,IAV_H1_HA_Wu,viral,pool_split,-0.23053993153734595,0.036626308872240845,0.033531409372446364,0.0229203080931843,0.03874602179637584,0.00629112525304132
33,IAV_H1_NP_Doud,viral,pool_split,0.29427574565432035,0.22263144239376276,0.2151105634215403,0.24417506528930816,0.24574282143895348,0.16696021316388912
34,IAV_H3_HA_Lee,viral,pool_split,0.5716000754921993,0.5536456458062882,0.43110692462898764,0.4671765248968181,0.46255153808546245,0.3757011643938434
35,IAV_H3_NP_Doud,viral,pool_split,0.4656764337269624,0.3797132785039419,0.32243233550735606,0.3387017694800454,0.33649644197705386,0.3129332954806992
36,IAV_H5_HA_Dadonaite,viral,pool_split,0.48268188373836235,0.546554103096896,0.4514140973031682,0.45728496193799784,0.41150931495183984,0.34098827288940103
37,IAV_NA_Jiang,viral,pool_split,0.46671333782741287,0.31420366275649403,0.4149874109546703,0.4377032785840558,0.38376667351802957,0.4055990722016796
38,IAV_PA_Wu,viral,pool_split,-0.36679217150053584,-0.00713478394202544,0.02644054874585946,0.0375849485519977,0.04449323610448146,0.026794695028989977
39,IAV_PB2_Soh,viral,pool_split,0.45992055144536953,0.33638551169958114,0.2530761290469108,0.29629580309119924,0.30973521796850423,0.22121184301504643
40,IAV_RDRP_Li,viral,pool_split,0.2736260483129728,0.3124289133836885,0.24821353198114862,0.24870745523647617,0.2712269775922899,0.17717802030705557
41,IF1_ECOLI,cellular,pool_split,0.35418805338641884,0.656558326962374,0.6242786491706649,0.6579566975816615,0.6141339238642332,0.6947146704896803
42,KKA2_KLEPN_Mikkelsen2014,cellular,pool_split,0.4526502634427947,0.49954071981073955,0.47810628881370576,0.46226353191576397,0.4570571514586944,0.4758609934500151
43,LAMBDA_HCP_Tsuboyama,viral,pool_split,0.6530601009571293,0.866440360510178,0.8407948185636697,0.8365064997722929,0.851158256796668,0.7375449166209768
44,LASSA_GP_Carr,viral,pool_split,0.410884334798533,0.4201437630293149,0.3683938926999416,0.38092056242986166,0.3923978671592697,0.3237777702246201
45,MK01_HUMAN_Johannessen,cellular,pool_split,0.1328181681521322,0.1928202655423275,0.1788196898488067,0.16586126025704404,0.1753740734777221,0.20226599293485345
46,MTH3_HAEAESTABILIZED_Tawfik2015,cellular,pool_split,0.36578898613116584,0.3628976275422193,0.3764129518466862,0.3289137784953046,0.33508793341983634,0.42353853143943415
47,NIPAH_F_Larsen,viral,pool_split,0.5078261614211074,0.5444362291071472,0.45132614100725144,0.47547681480180304,0.47190579641720054,0.39831899334357745
48,PABP_YEAST_Fields2013_singles,cellular,pool_split,0.4705366375474594,0.6602333444141235,0.6656198840311763,0.6412512211507725,0.6244420807692892,0.7435118786572639
49,PTEN_HUMAN_Fowler2018,cellular,pool_split,0.40444642223171945,0.5277797506854578,0.5117983649899391,0.4812653511001349,0.4896942090263535,0.5706424756938471
50,RASH_HUMAN_Kuriyan,cellular,pool_split,0.5090670105673926,0.6480166669025965,0.64659655075451,0.5950104544278968,0.6143064241505802,0.6286323167833134
51,RL401_YEAST_Bolon2013,cellular,pool_split,0.4115967297256847,0.6230131175061464,0.6284223097742357,0.5929550844925375,0.5727720696898483,0.6252941696986822
52,RL401_YEAST_Bolon2014,cellular,pool_split,0.4338192278485094,0.6521069229066674,0.6677377319549327,0.6248954819140815,0.6121367905480557,0.6130200173282182
53,RL401_YEAST_Fraser2016,cellular,pool_split,0.43185756976865375,0.5323139068897972,0.5113121921584195,0.509406922692005,0.4981602857343684,0.5338755722311854
54,RmYN02_RBD_Starr,viral,pool_split,0.24904025910188024,0.1595640405798756,0.1664442372257749,0.18594786958302437,0.1800246872024652,0.16179920166106954
55,RsYN04_RBD_Starr,viral,pool_split,0.5027664290977653,0.2812496926948163,0.2866957371321284,0.3310762367319715,0.407725515653839,0.3182452507159123
56,SARS2_BA1_SPIKE_Dadonaite,viral,pool_split,0.23083454288586794,0.30850576041220934,0.25295645306510306,0.30015453817410004,0.31052830916163743,0.22797956632356872
57,SARS2_DELTA_SPIKE_Dadonaite,viral,pool_split,-0.23176102990050265,0.024508376524635538,0.0250482656483672,0.0320571159156492,0.03933703586976696,0.0081060256397105
58,SARS2_MRPO_Flynn,viral,pool_split,0.6645724825047467,0.6669970059290042,0.4697359693778849,0.5547091362112044,0.5403810634827938,0.20437483427446818
59,SARS2_PLPRO_abundance_Wu,viral,pool_split,0.43989168704435605,0.3877430356435215,0.3626805371223457,0.37610183521148544,0.3747119445460068,0.32556509356485724
60,SARS2_PLPRO_activity_Wu,viral,pool_split,0.6070928041595779,0.5785899105731765,0.47694591277479204,0.5392198980121796,0.5389943925225193,0.4328331323989344
61,SARS2_PRD0038_RBD_Starr,viral,pool_split,0.5914296864543611,0.44047761999352836,0.4705595249959419,0.5205553661675877,0.5176809027719476,0.4377164835043206
62,SARS2_RBD_binding_Starr,viral,pool_split,0.6135464713458002,0.642901604100356,0.5785447401116277,0.6204829109331587,0.6560528754414667,0.549352772353804
63,SARS2_RBD_expression_Starr,viral,pool_split,0.6950232014663101,0.6302940455217625,0.5744326187651452,0.5793417592734835,0.627369057705445,0.46223108569575955
64,SARS2_XBB15_RBD_Taylor,viral,pool_split,0.629745931652599,0.4969967632265391,-0.19676412258599213,0.5669543209939107,0.5845054272649438,0.2971891921008236
65,SUMO1_HUMAN_Roth2017,cellular,pool_split,0.2518873823956261,0.41191101860747875,0.4097192624401675,0.3957656701352258,0.39281851000286394,0.40622735354466977
66,TIM_SULSO,cellular,pool_split,0.3968125834932185,0.578995225082728,0.5743655646222677,0.5575674058014181,0.555910617568356,0.6339477204018278
67,TIM_THEMA,cellular,pool_split,0.3867196081779592,0.5497377391600555,0.5799652222389271,0.5191661745520377,0.5398898777145169,0.539165271395779
68,TIM_THETH,cellular,pool_split,0.4830594416104963,0.6667169260793868,0.6582579213947206,0.6303274232457655,0.6230217208252233,0.6883549640165116
69,TPK1_HUMAN_Roth2017,cellular,pool_split,-0.028948600990812732,0.1150934111600151,0.12937352025652923,0.10368358331212843,0.10993287849251683,0.17476712808272238
70,TPMT_HUMAN_Fowler2018,cellular,pool_split,0.2294634520245217,0.48956025252586005,0.45801639943905653,0.4458064538909391,0.4242974845381194,0.5639805712998937
71,UBC9_HUMAN_Roth2017,cellular,pool_split,0.32916196725813146,0.4310489002520349,0.40343821311668854,0.39021130245024216,0.3875505268710767,0.36515228254483206
72,UBE4B_MOUSE_Klevit2013_singles,cellular,pool_split,0.11562532904018828,0.2097431493908116,0.24009335149466712,0.20506335708676918,0.21722499697672717,0.27300252213423065
73,YAP1_HUMAN_Fields2012_singles,cellular,pool_split,0.357714939458452,0.42712499063970866,0.45392373014952236,0.4373263649790483,0.4383476405552513,0.5291305450480895
